0.685436962864523,1.318977430145107e-32,-4.2143303137599615e-60,1.5236942659193395e-34,2.918302022845809e-34,5.83867877652089e-33,-2.955268139756537e-33,-9.427056463514862e-33,-1.9872836039676366e-33,-2.3257353433325586e-33,-9.650857593745311e-33,-8.266998616268327e-33,1.2581988474746298e-32,1.2051514371209052e-18,-8.289592637048531e-17,-2.9654092962699014e-33,-5.994038795851311e-31,-1.7721093245463154e-32,-1.0896614428561116e-32,1.6758042307872907e-31,4.188874023086239e-33,1.4822537371348132e-32,-2.814113120794482e-33,-5.628226241593952e-33,-0.1355543877244215,2.0506446774138674e-33,-3.7139554150219647e-50,4.645837350450319e-36,3.5193196054191466e-33,7.224572731838929e-34,-8.891449151008793e-33,-2.9388758495732185e-32,2.4336166088052755e-32,-3.217666182522946e-33,-2.8254132670491552e-33,-3.231008918067082e-33,-4.48227784973322e-33,1.2908396722773753e-17,5.837822455720028e-17,5.5708914557703816e-33,-3.766689853493417e-31,-4.4313286906984617e-32,1.3746659730444086e-32,-1.3819693652351638e-31,-1.2059604012931023e-33,4.281812260562874e-33,4.32767675532892e-33,-1.7844129097728813e-32
1.318977430145107e-32,0.6630826934123069,-1.6125642875375718e-31,-8.487146849191197e-17,1.2198588236089798e-18,-1.0734027291868153e-17,1.7154468441979077e-17,-7.6543474320714e-17,3.5826827708805854e-17,-5.293609963065759e-17,-8.523374446515007e-17,3.374017154193371e-17,8.169558462394948e-17,-4.99464791507305e-17,-1.0499809088148618e-17,6.7775535032793145e-18,-1.1857514048848852e-16,6.727093589394083e-15,3.713858403952085e-15,-1.0275420585032235e-16,-7.930361376564278e-17,-2.0099963327188876e-16,3.833879572905311e-16,-5.3303638579980024e-18,6.10103520502308e-17,-0.08790009189520041,1.1836223229020334e-17,-6.596218478433481e-17,-1.0915815381212952e-17,4.8588034342276374e-17,-8.172414891936186e-17,-9.023460735315763e-17,1.1065290397315782e-16,3.809934459645703e-17,7.307581512953685e-17,-1.0114735642786357e-16,-3.832141850711404e-17,6.446779560732756e-17,1.8275661197290016e-16,-3.382827391906208e-17,-6.252839267395261e-17,1.873072680259216e-14,-9.906811879312827e-15,4.093002206960972e-17,-1.2647873938646687e-16,-7.769694751896306e-17,1.117645453883381e-15,-2.354151910821668e-16
-4.2143303137599615e-60,-1.6125642875375718e-31,0.8064243193633603,5.9420493174462545e-34,1.6516142326359058e-34,7.410817712576123e-34,2.0386598888238293e-33,9.74295179670391e-34,5.442592496999132e-33,-3.954823301309849e-34,5.51259113423223e-27,-5.1424187944523e-33,4.3833114150109395e-33,7.513080535657478e-17,-1.2301380473074933e-32,8.468150802538133e-32,1.1869156940097022e-30,1.4369346662048228e-29,2.617958957855679e-33,-1.1519019645706301e-32,-1.0471853632644714e-33,-1.474435802690743e-27,6.162971977782624e-26,-3.141550686758135e-33,5.6109116933090307e-42,-1.7547321142063547e-31,0.06752636147806264,-1.047183573618637e-33,8.999234125502437e-34,-2.1233925890635042e-33,-7.215482885114449e-33,1.451099296740787e-33,-2.9298134386145645e-32,1.1721907203490149e-32,4.580204779075253e-26,-7.341201345547072e-33,-1.0581201551974166e-33,-7.014348876323639e-18,7.205782916984988e-33,1.1485645321225573e-31,7.513485879191849e-31,4.02353373133254e-29,-6.995945948916968e-34,-5.471334166395474e-33,4.55564798546437e-34,-5.0191028042102026e-29,-1.8028528386233296e-26,-6.569316253247313e-33
1.5236942659193395e-34,-8.487146849191197e-17,5.9420493174462545e-34,0.2660706299081275,2.200597540529341e-33,3.451632086958704e-18,1.760504578076815e-17,2.29794136909711e-19,1.3684045052306561e-17,-1.30620564091836e-17,-7.95515985709257e-18,7.314789825450788e-18,1.0616592242119456e-17,1.0764150080302274e-16,-2.2412314600410017e-17,9.929833510944889e-17,4.558579620275497e-17,8.41059286156827e-17,-1.2433583493064895e-16,-1.2970372470979384e-16,2.459814179551061e-16,1.213722811562717e-16,3.395336177601354e-16,1.6519986711300538e-16,-5.642263688793495e-19,1.8256793119335e-16,1.7639885292842468e-17,-0.25084811718703637,4.078222552180774e-17,-1.6856256386598652e-17,1.5993597941737355e-17,1.1882422847308886e-17,-1.997875065150845e-17,-6.285649710318167e-18,7.848754461756049e-18,3.605823835305528e-18,-1.0564655605489443e-17,-2.4088926430566856e-17,1.718018442838652e-17,1.9111683035371373e-16,2.756302526690476e-18,7.890453944243234e-17,-3.100715681107073e-18,-1.3002213413329053e-16,1.9094244752453678e-16,2.657541844051778e-16,-1.3644214072835617e-16,-1.456079570234766e-16
2.918302022845809e-34,1.2198588236089786e-18,1.6516142326359058e-34,2.2005975405293404e-33,0.2940905009535531,3.251655371018066e-33,-3.2110486950432425e-17,-1.5760173191016446e-18,1.971269890319165e-20,-1.75069907819417e-17,1.393930932194566e-18,3.036569422186788e-19,-9.616144037057466e-18,1.4281026478077422e-18,-2.4101446012909295e-18,1.0374971602575497e-17,3.4686432937978115e-18,5.105444334271e-30,9.011313038021132e-30,2.8658432931483133e-22,-1.7204849220570092e-29,2.089507484681455e-18,1.0804048629554133e-29,7.85781839362715e-31,2.5152784781048496e-34,-9.088873404536402e-18,-1.1944776688723973e-34,-1.753612640671324e-33,-0.022180439078314462,4.5744832004984495e-33,4.019512029083777e-17,-3.191899854256705e-18,-2.495938322976144e-19,2.4976959477971425e-18,-5.5944730191365906e-18,-4.378666549202718e-19,4.301720609893238e-20,-7.070192115412643e-19,1.3908606609721018e-18,4.7974577449819405e-18,-6.306657068984217e-19,-1.6191533737357486e-30,3.644004460141423e-30,-3.3029504435495615e-22,2.8501890705950817e-30,-7.491834273998622e-20,-3.1353975472507277e-30,-5.516590770553707e-31
5.83867877652089e-33,-1.0734027291868154e-17,7.410817712576123e-34,3.451632086958704e-18,3.251655371018065e-33,0.6392194247756611,-1.0181373109007151e-16,5.964535387621632e-17,1.7344565227755797e-17,-3.1052455430051205e-18,-1.9552276812871396e-18,8.641644287264146e-18,-1.4363438366089847e-17,3.495084424024639e-18,-6.735182022301717e-17,-1.33836828627223e-17,-1.0457247562404262e-17,-1.0958895260236452e-18,3.188559334209231e-17,2.6726704029680585e-18,-1.2186953307852878e-16,2.3768758582465743e-17,7.99381140676273e-17,-6.288641920664752e-18,1.8088676061280353e-32,-3.9989973976726497e-17,3.1984067560275924e-33,-7.203294597610058e-18,8.18349465841501e-18,0.09983025059400213,-9.15696766430783e-18,5.956993303639514e-17,1.5967298874322437e-18,8.267906950482261e-18,-9.89804600984796e-19,-5.442947171639849e-18,5.59553940867559e-18,-3.4371811577597527e-17,1.0416565209733807e-17,-8.054276503260874e-18,1.6558134892582972e-17,1.6053246372093704e-18,-2.217793561065665e-19,1.2802888150349749e-18,1.58488123051845e-17,-8.319890930461555e-19,-2.1824974137901098e-17,-1.3012940415139543e-17
-2.955268139756537e-33,1.7154468441979074e-17,2.0386598888238296e-33,1.7605045780768147e-17,-3.2110486950432425e-17,-1.0181373109007151e-16,0.9298758071557843,-1.4402042478711222e-16,-1.9544557740151792e-16,7.801220573100584e-17,4.130024378926576e-17,3.641794274371042e-18,-4.468718093449267e-17,1.857976102808782e-17,3.203727926432424e-17,-3.331086597513478e-17,6.997057212025964e-18,1.468046428540361e-17,-2.5628525202387694e-18,-1.2142717155856129e-17,2.2720588974859998e-17,-7.804931697110482e-18,-7.56340411012193e-18,8.353821001139616e-18,-2.6695946979039544e-33,-2.5493184005198973e-17,-1.0614418613397554e-34,-2.5129037284713784e-17,1.4604536851738623e-17,-8.610938133160879e-17,-0.016976720826496743,4.761258229852571e-17,6.825078187581668e-17,-3.212117827009555e-17,1.4888535486358702e-18,-1.4026783337894146e-18,6.353955034456785e-18,1.466332084536376e-18,-2.1129656063619993e-18,-1.729239259809274e-17,-9.701925655263198e-18,-3.8514363466962854e-18,1.9940832010855214e-18,-4.2674330849709416e-18,-2.903445090699614e-18,2.513988774907069e-19,5.574301640006422e-18,1.1554274914896745e-18
-9.427056463514863e-33,-7.654347432071399e-17,9.742951796703909e-34,2.297941369097111e-19,-1.5760173191016446e-18,5.964535387621631e-17,-1.4402042478711225e-16,0.25580307920212036,-7.862928626669858e-18,-9.762417187031174e-17,6.655851062567402e-17,7.71482329735664e-18,3.96369330967335e-17,1.8832003578026487e-18,1.3285444808244302e-16,2.138650743787866e-17,-8.778074237848895e-18,-2.841939286909984e-17,4.689349679030296e-17,-2.7643022224699675e-17,-2.142059021945898e-16,7.313231553405505e-19,1.8975760543365008e-17,-6.0301197993280935e-19,-5.295880162609483e-33,1.2917383441264355e-17,-4.304296945115325e-33,-9.1235974144911e-19,7.458146807235812e-19,-4.6751544429795604e-17,-9.823352182858986e-17,0.17324881284260019,2.7251352231298764e-17,1.0644259474696708e-16,-3.816818016562361e-17,2.9059811302412684e-17,-1.192924815594795e-17,-6.736051048303927e-18,-3.226113998188742e-17,1.1573062730928998e-17,1.8389141771650435e-17,8.609028410541023e-18,-9.393530657035242e-18,-9.309347164048997e-18,3.0645746511923925e-17,2.179870603791584e-19,-4.723681999251142e-18,-4.945510771337976e-18
-1.987283603967637e-33,3.5826827708805854e-17,5.442592496999132e-33,1.3684045052306561e-17,1.971269890319165e-20,1.7344565227755797e-17,-1.9544557740151792e-16,-7.862928626669857e-18,0.16864084382467623,1.7998474981507621e-16,9.697170827284885e-17,-2.8038989707847045e-17,-3.08422498806493e-17,4.797286055151367e-17,2.1959854559654698e-17,6.523444562233618e-18,4.018763064701955e-18,5.269550356054796e-17,-3.680022000949053e-18,-1.5037328618323935e-18,-8.316907702856877e-17,-4.113733563574104e-18,-2.475221920494747e-17,4.0288780232206725e-18,7.506429265008315e-33,-5.307409705173132e-17,-1.7382286029417113e-33,-1.4319029592244016e-17,1.8303716555414377e-17,-2.3913246568447732e-17,-9.819510840799165e-17,3.755782542578036e-17,0.007361165530888549,-1.8083879664235586e-16,-1.266158164442745e-16,1.8510238201572948e-17,2.8853521831613473e-17,-2.671063594302756e-18,-3.0596249495908664e-18,-2.6340877277591602e-18,-1.262879263606671e-17,-1.7784814313393675e-17,-1.961451756493885e-18,7.0265631623791e-19,1.25861923018747e-17,1.4064228279637604e-19,8.07860393925468e-18,-2.1541289267083002e-17
-2.325735343332559e-33,-5.293609963065761e-17,-3.95482330130985e-34,-1.3062056409183602e-17,-1.75069907819417e-17,-3.1052455430051193e-18,7.801220573100583e-17,-9.762417187031171e-17,1.7998474981507616e-16,0.26120946773121173,-2.720781604982532e-17,-6.416829595302166e-18,-7.772591772732635e-17,-1.3615516035372139e-17,-7.807965258669466e-17,2.4190014759137672e-17,9.645057433460162e-18,4.632143941606614e-17,2.3173292659568437e-17,-2.191774223556679e-17,-2.439409133896948e-16,-4.166364537796923e-17,-5.903204440885358e-18,-5.8356499018164314e-18,-8.029771752422405e-33,-1.192526295313664e-16,2.343739101442292e-35,3.2291071602925406e-17,2.067774984678858e-17,-6.390547338168527e-18,-1.7754965154386897e-17,1.0775586359251388e-16,1.5503500166054465e-16,-0.10009661013212051,2.804198891906634e-17,2.2257616516084408e-17,-1.9190681314130837e-17,-2.990756888628288e-17,-3.121300501492989e-17,2.085889239513641e-17,-1.6641573979110886e-17,-1.9821537831131398e-17,-1.0421523346895044e-18,-7.26510028650746e-18,3.912737671563197e-17,1.7356370663020164e-18,2.1769244082454414e-18,-2.672158443259259e-17
-9.65085759374531e-33,-8.523374446515006e-17,5.51259113423223e-27,-7.95515985709257e-18,1.3939309321945658e-18,-1.9552276812871396e-18,4.130024378926576e-17,6.655851062567402e-17,9.697170827284884e-17,-2.720781604982532e-17,0.5546814751510976,3.3797953949722275e-18,9.249863121157607e-18,-2.4050793006066327e-16,5.535246068995867e-17,1.61177026302518e-15,-4.77998834565241e-17,4.7307051896631034e-17,2.972019054753612e-17,1.2495114795074746e-16,-1.3779956655071907e-16,-7.764081546431747e-17,-5.940918904581776e-17,-5.398830901462946e-17,1.5328505068491346e-17,-1.900286273506618e-17,-5.5125956817974596e-27,1.1907935150658378e-17,-4.67070857440039e-17,5.800837553197436e-18,1.3717214348579947e-16,-9.943229491204037e-17,-5.526701408138465e-16,5.580239420739683e-17,-0.013060896181153619,-5.548715920338738e-17,-1.3703795180130404e-17,1.2970961662335612e-16,-2.213430970452063e-17,2.1430263301379437e-15,2.221764953776083e-17,-7.710875975591542e-18,-4.8098260817108425e-17,1.3470710982269566e-17,9.935364203506019e-18,2.0858324762053817e-19,1.5356192830485884e-17,-2.121067152771645e-18
-8.266998616268325e-33,3.3740171541933707e-17,-5.1424187944523e-33,7.314789825450788e-18,3.0365694221867883e-19,8.641644287264146e-18,3.641794274371042e-18,7.71482329735664e-18,-2.8038989707847045e-17,-6.4168295953021695e-18,3.3797953949722237e-18,0.17974837423358425,1.4919794413464406e-17,-6.942700711772871e-17,1.803522789670362e-17,3.8126607082908005e-17,2.031575725490894e-17,-3.454660905335108e-18,5.691562130058152e-17,-3.034222153844605e-17,5.982957664286083e-17,-2.344489733408391e-17,1.0062568086597597e-16,8.654326950737027e-18,2.9804688494497567e-18,-4.093690408464216e-17,1.2219633284328392e-32,-2.0603003984156695e-17,2.390705218336342e-18,-5.627589572052204e-18,2.5127941462877926e-17,5.0346571220645155e-18,1.9209657106351363e-17,1.9913737448857282e-18,-5.984579109603206e-17,-0.09505555943538337,-4.918948488769371e-18,-3.3908075986501835e-16,1.8046271578752584e-16,-5.983743124231622e-17,1.1542017401897306e-17,5.452586452634015e-18,-3.543239058205184e-17,-1.5394854979681846e-17,-5.4361480347341085e-17,4.0365304076713373e-17,-2.810186681159184e-17,-7.671917077827172e-17
1.2581988474746298e-32,8.169558462394945e-17,4.3833114150109395e-33,1.0616592242119456e-17,-9.616144037057466e-18,-1.436343836608985e-17,-4.468718093449268e-17,3.96369330967335e-17,-3.08422498806493e-17,-7.772591772732636e-17,9.249863121157606e-18,1.491979441346441e-17,0.693264303143965,-4.761758421086742e-17,-1.6837392036194362e-17,-2.1294715250795212e-17,1.4236577588695568e-17,3.18403886195894e-17,1.6933530793103277e-16,3.2845670566065082e-18,7.887846694818766e-17,2.809317577412851e-17,4.9269494326968875e-17,-1.827208983432573e-17,1.9123238892809794e-17,-2.111705894967717e-16,9.561619446404888e-18,-2.9238963848701417e-17,2.4348000701419122e-17,7.92694470666773e-17,-1.0676263408388593e-17,4.93553378696964e-17,1.4012099093093373e-16,-8.251171697658831e-17,-3.0519629171082704e-17,-7.269214698817906e-18,-0.08806785093671902,-2.666447779857582e-17,-1.4579308543712416e-16,-4.2292565790171825e-17,9.484138119494132e-19,-6.464251049921558e-18,7.149777710568551e-17,4.150688122011121e-18,-1.7848569939426118e-17,3.508358688891644e-18,-6.015478250516312e-17,1.2395955706953577e-17
1.2051514371209052e-18,-4.9946479150730495e-17,7.513080535657478e-17,1.0764150080302276e-16,1.4281026478077422e-18,3.495084424024639e-18,1.8579761028087817e-17,1.883200357802649e-18,4.7972860551513665e-17,-1.3615516035372139e-17,-2.4050793006066337e-16,-6.942700711772871e-17,-4.761758421086742e-17,0.6778242247065628,-1.5491128919340715e-17,1.0483602630819993e-16,2.7427667642444158e-17,1.338499149822793e-17,4.952888795812206e-17,-2.4250702829889865e-17,-2.996125810556498e-18,-9.582442206134516e-18,3.46693371017973e-17,4.411008280498266e-17,2.410302874241865e-18,-7.45930093958165e-17,-7.513080535657477e-17,-1.6035788490683781e-16,3.482137450771293e-18,-1.8758026700671748e-17,-6.617704904633201e-17,1.999427734185213e-18,-2.7591441763647385e-16,9.230566162085041e-17,2.6352432949827096e-17,-4.1301567121377114e-17,2.0198179802147184e-17,-0.019673924309765996,-6.474902869615051e-18,1.7530353905521244e-16,4.7325089467623776e-17,-6.779689027069185e-18,1.0315863691447756e-17,1.4757275214775463e-17,1.6112170707158883e-18,3.5282473335349795e-18,-5.019732049947139e-18,-1.5132622205527855e-17
-8.289592637048531e-17,-1.0499809088148634e-17,-1.2301380473074933e-32,-2.2412314600410017e-17,-2.4101446012909295e-18,-6.735182022301717e-17,3.203727926432424e-17,1.3285444808244302e-16,2.1959854559654698e-17,-7.807965258669466e-17,5.535246068995867e-17,1.803522789670365e-17,-1.6837392036194384e-17,-1.54911289193407e-17,0.802353260330643,2.0474090678013255e-17,3.3118807180768813e-15,9.114284473828879e-17,9.369987780098592e-18,-1.3010502704005454e-16,-6.682436067290801e-17,-1.827731531250109e-17,2.7190377441206737e-17,-9.312784023195626e-18,-8.28959263704853e-17,-5.500816182871451e-17,1.6441881045106487e-32,1.474214168204209e-17,-7.046966331009718e-17,-9.972448906012938e-18,6.724350883639615e-17,3.7154148370269945e-16,-2.6160096071699136e-16,-8.169115070018509e-17,-4.061225489563045e-17,1.5404704237219078e-16,-2.42261838693124e-16,1.7011289938852523e-16,-0.15744550747309163,-2.694375411799489e-17,2.150504961031667e-15,-1.1510766028388631e-17,-4.099604251146982e-17,-6.177137199386342e-17,1.0839898167647065e-17,-9.976489295473847e-19,7.771941268847107e-18,5.680858506971773e-19
-2.9654092962699004e-33,6.777553503279334e-18,8.468150802538133e-32,9.929833510944891e-17,1.0374971602575497e-17,-1.33836828627223e-17,-3.331086597513478e-17,2.138650743787866e-17,6.523444562233618e-18,2.419001475913767e-17,1.6117702630251833e-15,3.812660708290802e-17,-2.1294715250795212e-17,1.0483602630819986e-16,2.0474090678013252e-17,0.37782625403383163,1.7094575542220295e-17,-6.7610035754904614e-18,-6.425880595174626e-17,4.713221956343035e-18,2.569414866615299e-16,-7.027980407745991e-17,2.8023294860549856e-16,8.165021853206404e-17,9.66342434234e-19,1.1824426980929553e-16,1.032657919841402e-23,-1.1366134822903198e-16,-6.084210386854873e-17,5.694492644090553e-17,-7.956869575552837e-17,-2.1081074834933696e-17,-2.3103044711985943e-17,-7.834399357685737e-17,-4.2636724406896335e-16,5.540081276768014e-18,7.554961374303936e-17,8.974349013375411e-17,-5.4416230995405194e-17,0.1622881347363904,-1.3949468878955238e-17,3.67063383760719e-18,-2.5207903202573246e-17,1.388583714517251e-17,-4.2300753481233713e-17,4.1301766012419746e-18,-1.481053897720182e-16,-5.0512836526036144e-17
-5.994038795851311e-31,-1.185751404884885e-16,1.1869156940097023e-30,4.5585796202754976e-17,3.4686432937978115e-18,-1.0457247562404262e-17,6.997057212025964e-18,-8.778074237848895e-18,4.018763064701955e-18,9.645057433460162e-18,-4.77998834565241e-17,2.031575725490894e-17,1.423657758869557e-17,2.742766764244416e-17,3.3118807180768813e-15,1.7094575542220295e-17,0.2499420904575165,-4.590897750939983e-18,-7.768207757286753e-18,8.887908569094215e-17,-2.5088680972790516e-16,-7.962353145411276e-17,-5.09323065077439e-17,-2.800424278020042e-17,-1.0879000958508078e-17,2.18147339492684e-16,9.94678405494316e-19,4.299375475869402e-17,-1.4464783937421013e-17,-2.3672183364829797e-18,-8.10978376637645e-18,1.228001012532897e-17,-1.6918623473780602e-18,-8.960371170968128e-18,-1.1858038381038222e-16,3.7860734530474116e-17,4.6380104243146843e-17,-4.331294037602818e-17,-2.3865372909773636e-15,8.015736580876078e-18,-0.04544425368825776,-4.923514593593347e-17,-5.819302451315968e-17,-2.2285180082256924e-17,3.070747197470949e-17,2.0035785685489483e-16,2.790163213580853e-18,1.9426387294881213e-17
-1.7721093245463157e-32,6.727093589394082e-15,1.436934666204823e-29,8.41059286156827e-17,5.105444334270999e-30,-1.0958895260236452e-18,1.468046428540361e-17,-2.841939286909983e-17,5.269550356054796e-17,4.632143941606613e-17,4.7307051896631034e-17,-3.4546609053351063e-18,3.1840388619589386e-17,1.338499149822793e-17,9.114284473828878e-17,-6.761003575490459e-18,-4.5908977509399855e-18,0.29469740770982183,1.9811524480936799e-16,-2.4064163331923428e-17,-7.626927817935445e-17,-2.0425571573689888e-16,-3.647253138047381e-15,1.9103539029116643e-16,1.0729976983316786e-17,-6.248340302415192e-15,1.703618886963547e-17,4.967218290051533e-17,3.47115745837568e-17,-4.7368169133037954e-17,-6.08839988284046e-17,-2.9068872036007216e-17,1.3377536405162995e-17,-8.426044759843119e-18,-7.216010991356986e-18,-8.14617132235955e-18,9.193977903238885e-17,9.267951488975296e-17,7.421779666764054e-18,-1.2713262176584953e-17,-1.0348045940730264e-17,0.04586243741193726,2.6190386981770654e-16,-1.5864962371365673e-16,-1.5758681698155878e-16,-1.029992459362473e-16,-1.243685686271027e-14,-1.0767785798438303e-16
-1.0896614428561116e-32,3.713858403952087e-15,2.617958957855679e-33,-1.2433583493064892e-16,9.01131303802113e-30,3.1885593342092306e-17,-2.5628525202387694e-18,4.689349679030295e-17,-3.680022000949053e-18,2.3173292659568437e-17,2.972019054753613e-17,5.691562130058152e-17,1.6933530793103277e-16,4.952888795812206e-17,9.369987780098587e-18,-6.425880595174626e-17,-7.768207757286738e-18,1.9811524480936796e-16,0.8555479500289588,-3.7182600362751726e-16,-1.1712335159082162e-16,-3.5360720371232656e-15,1.1679295820611589e-16,-5.236845457484418e-16,-7.4759800061336e-18,4.181376732469059e-15,-3.5624219707660456e-18,-8.688847290735547e-17,-6.14857448603199e-17,3.7491122218302185e-17,-9.130811287294036e-17,1.8002501384500713e-16,2.1399007321177454e-17,1.1918223674344604e-16,-4.164321865521451e-17,2.9678938058295416e-17,7.552184757196593e-18,4.4092344626928236e-17,2.579177507633082e-16,5.17386441346166e-18,-7.398344148061831e-17,-3.5447723409004697e-16,0.02333241280590556,-4.538327669708822e-16,-2.672035131361965e-17,-1.841225551923717e-16,-1.306141403107303e-16,2.817162851060846e-16
1.6758042307872907e-31,-1.0275420585032237e-16,-1.1519019645706302e-32,-1.2970372470979384e-16,2.8658432931483133e-22,2.6726704029680585e-18,-1.2142717155856129e-17,-2.7643022224699672e-17,-1.5037328618323935e-18,-2.191774223556679e-17,1.2495114795074746e-16,-3.034222153844606e-17,3.284567056606495e-18,-2.4250702829889856e-17,-1.3010502704005454e-16,4.713221956343033e-18,8.887908569094215e-17,-2.406416333192341e-17,-3.718260036275169e-16,0.4267169384966033,1.950464192022267e-16,-1.2455755878534545e-16,1.378242155089493e-16,-1.6751056671263924e-16,5.963531608701714e-18,-1.1460267450550955e-17,3.345580745623524e-18,-2.216464508525497e-17,8.067178053700794e-17,-9.74474879383123e-17,-4.873220728411879e-18,-5.2438787314856303e-17,-2.321303524278721e-17,-6.65065174726783e-18,-4.6894763659408133e-17,3.0651421945369233e-17,5.693693113394099e-17,-6.599088194585673e-19,1.3809939847063423e-16,-1.3977736735561155e-17,7.84361112068811e-17,-1.1028870494580628e-16,1.3019940946295086e-15,0.14627435061219934,6.620007977686391e-17,-1.3720393931285339e-16,-3.029219921856133e-17,-1.0901816336164583e-16
4.188874023086239e-33,-7.930361376564277e-17,-1.0471853632644714e-33,2.459814179551061e-16,-1.7204849220570092e-29,-1.2186953307852878e-16,2.2720588974859998e-17,-2.142059021945898e-16,-8.316907702856876e-17,-2.439409133896948e-16,-1.3779956655071905e-16,5.982957664286085e-17,7.887846694818766e-17,-2.996125810556498e-18,-6.6824360672908e-17,2.5694148666152987e-16,-2.508868097279051e-16,-7.626927817935445e-17,-1.1712335159082164e-16,1.9504641920222668e-16,0.8880024624487848,3.0925715856487075e-16,6.433908225986946e-15,-1.446928174170685e-15,-3.378270062558883e-17,7.447970274954907e-17,3.932987015250337e-18,-5.819985100972256e-18,-2.1148115249505794e-16,-5.964384578949368e-16,1.4776611120589904e-16,-4.940420558099602e-17,-3.745182040450326e-17,-2.551460207081294e-19,3.992753851143462e-17,-2.1986621445612276e-16,9.687272327547986e-17,8.665159481965247e-17,1.6180353472930588e-18,-2.0733520206903553e-16,1.3957140562499363e-16,1.193552168333784e-17,-6.615454275701901e-17,9.981272568145159e-18,-0.105016627836627,-3.3295519222301186e-17,-2.0077848436594334e-15,1.0975621589056535e-15
1.4822537371348132e-32,-2.0099963327188876e-16,-1.474435802690743e-27,1.213722811562717e-16,2.089507484681455e-18,2.3768758582465743e-17,-7.804931697110483e-18,7.313231553405505e-19,-4.113733563574104e-18,-4.166364537796922e-17,-7.764081546431747e-17,-2.344489733408391e-17,2.809317577412851e-17,-9.58244220613451e-18,-1.8277315312501086e-17,-7.027980407745991e-17,-7.962353145411276e-17,-2.0425571573689888e-16,-3.5360720371232648e-15,-1.2455755878534545e-16,3.0925715856487085e-16,0.457138659236861,1.4767050031900144e-17,1.2377578973541039e-17,2.2311407843205802e-17,-1.5236568093050065e-16,5.00810324204335e-18,-1.1433388393255594e-18,4.901364438895832e-17,-3.4921297374569886e-17,5.240275301132093e-17,-3.805851109100384e-17,1.8984138868877468e-17,3.1774102814011886e-17,2.5219860116625622e-17,1.014623386392086e-16,3.6162820262390565e-17,1.2619190838819211e-16,6.647873066888559e-17,-1.9190397595152108e-18,1.4956141932850523e-16,-3.3345059615221464e-16,-1.282906388191719e-15,-4.590106838495981e-17,1.9091371949051882e-16,-0.01639049919823943,4.674351024405315e-18,3.911981737837066e-17
-2.814113120794482e-33,3.83387957290531e-16,6.162971977782624e-26,3.3953361776013537e-16,1.0804048629554133e-29,7.993811406762729e-17,-7.563404110121929e-18,1.8975760543365005e-17,-2.4752219204947467e-17,-5.903204440885358e-18,-5.940918904581775e-17,1.0062568086597596e-16,4.926949432696887e-17,3.4669337101797295e-17,2.7190377441206737e-17,2.8023294860549846e-16,-5.09323065077439e-17,-3.647253138047379e-15,1.1679295820611593e-16,1.378242155089493e-16,6.4339082259869486e-15,1.476705003190017e-17,0.5916293034822783,-3.021604236207325e-16,5.329304860429103e-17,-3.634965323619028e-16,2.8357180067765977e-17,7.344213403355408e-17,2.1643383643760438e-17,2.649140587106843e-16,1.1545832031585766e-17,-1.5943174089208758e-17,1.654360242768639e-17,-4.279920194687295e-28,-3.391294399258401e-17,1.3674654089159489e-16,6.994249788532062e-17,-1.1000072332423463e-16,1.359666961042132e-16,-7.564462911585367e-17,-7.836566698706396e-18,-1.0237162259132291e-14,2.5863274713310236e-17,5.628847223099385e-17,-1.0093742946009984e-15,9.826792729786967e-17,-0.10048983246744404,2.1218384710676019e-16
-5.628226241593952e-33,-5.3303638579980286e-18,-3.141550686758135e-33,1.6519986711300535e-16,7.85781839362715e-31,-6.2886419206647534e-18,8.353821001139616e-18,-6.0301197993281e-19,4.028878023220672e-18,-5.8356499018164314e-18,-5.398830901462946e-17,8.654326950737026e-18,-1.827208983432573e-17,4.4110082804982656e-17,-9.312784023195631e-18,8.165021853206401e-17,-2.800424278020042e-17,1.9103539029116643e-16,-5.236845457484419e-16,-1.6751056671263924e-16,-1.4469281741706859e-15,1.2377578973541063e-17,-3.021604236207322e-16,0.6784599103511544,4.5532585247715045e-17,-1.9725783041891992e-16,-9.260001575274192e-18,3.62209321811788e-17,-8.09896821588591e-17,1.1515048959648832e-16,-1.2168330763306657e-17,6.979657521703005e-17,-2.014456569670043e-18,4.7961322176671414e-17,6.169525923300907e-17,-7.997811214580815e-17,-6.52576537489781e-17,1.1856904579638888e-16,6.783716950252663e-17,-5.699801805636476e-17,1.1163323442826363e-16,-6.154150033773614e-17,-2.6946836405066938e-17,-1.3245024198125865e-16,2.750678848376558e-16,-5.552556600697383e-17,1.016199058014585e-16,-0.03846155225053412
-0.13555438772442152,6.10103520502308e-17,5.6109116933090307e-42,-5.642263688793492e-19,2.51527847810485e-34,1.808867606128035e-32,-2.6695946979039544e-33,-5.295880162609483e-33,7.506429265008315e-33,-8.029771752422403e-33,1.5328505068491346e-17,2.9804688494497567e-18,1.9123238892809794e-17,2.410302874241865e-18,-8.28959263704853e-17,9.66342434234e-19,-1.0879000958508078e-17,1.0729976983316787e-17,-7.4759800061336e-18,5.963531608701714e-18,-3.3782700625588833e-17,2.23114078432058e-17,5.3293048604291036e-17,4.5532585247715045e-17,0.6125582631475885,-1.5617833515033872e-17,4.3214695199150845e-33,-4.871492526359123e-18,1.3283367962662306e-32,6.092870638309517e-32,-2.117778132610271e-32,-4.042508868281057e-32,1.624626827661168e-32,-2.9700681670524966e-33,-1.844953285487194e-18,4.184983496410912e-18,-5.799190751428128e-18,2.5816793445547538e-17,5.837822455720032e-17,5.226992896418237e-19,1.6341705289606957e-17,-8.534919863764655e-19,3.993508772942669e-18,-2.0898339600673446e-18,3.966672653513589e-18,1.1983230828047626e-18,-1.3575396237582923e-17,-2.3102362572881237e-17
2.050644677413867e-33,-0.08790009189520036,-1.7547321142063547e-31,1.8256793119335e-16,-9.088873404536402e-18,-3.9989973976726497e-17,-2.5493184005198973e-17,1.2917383441264355e-17,-5.3074097051731313e-17,-1.1925262953136637e-16,-1.900286273506618e-17,-4.093690408464216e-17,-2.111705894967717e-16,-7.459300939581651e-17,-5.500816182871451e-17,1.1824426980929553e-16,2.1814733949268399e-16,-6.248340302415191e-15,4.1813767324690604e-15,-1.146026745055095e-17,7.447970274954907e-17,-1.5236568093050067e-16,-3.6349653236190277e-16,-1.972578304189199e-16,-1.5617833515033872e-17,0.6549223500462046,-9.864638132853364e-18,-1.755782594187426e-16,1.6683883702469646e-17,-2.7843992303982e-17,2.2280342064059195e-16,-7.205963197106834e-17,2.5831106234196552e-17,-8.019414084194053e-17,-4.580350299695038e-17,9.281372012518382e-18,2.8903087453031404e-17,-1.293390785403384e-17,-1.6609459220325283e-16,-1.1398891777993494e-17,1.2353745477670217e-16,-1.7879879661711893e-14,-1.0214908445583126e-14,-6.209570768804563e-17,-4.2031391402656484e-17,4.1940016267130326e-16,-1.0818311755315939e-15,1.3033127740824325e-17
-3.7139554150219656e-50,1.1836223229020332e-17,0.06752636147806262,1.7639885292842468e-17,-1.1944776688723975e-34,3.1984067560275924e-33,-1.0614418613397548e-34,-4.304296945115325e-33,-1.7382286029417096e-33,2.3437391014423066e-35,-5.5125956817974596e-27,1.2219633284328394e-32,9.561619446404888e-18,-7.513080535657477e-17,1.6441881045106487e-32,1.032657919841402e-23,9.94678405494316e-19,1.703618886963547e-17,-3.562421970766046e-18,3.345580745623524e-18,3.932987015250337e-18,5.00810324204335e-18,2.8357180067765977e-17,-9.260001575274194e-18,4.321469519915084e-33,-9.864638132853364e-18,0.05668927079931005,-2.4086992749193764e-17,8.31989545996999e-33,7.07676425799717e-33,2.6791830283826867e-33,-6.21193226227719e-33,3.2741746068353244e-32,-1.3417264503287726e-32,-4.5802047259136833e-26,1.2893503321808334e-32,-2.8995953757140556e-18,7.014348876323626e-18,5.832658180481275e-33,-8.195505026972544e-24,-5.8094780173818705e-19,-6.291589100671513e-18,-3.11792102334586e-18,3.0082678364920647e-18,4.365929018933765e-20,6.299473049830494e-20,-7.471059262404219e-18,2.1512668316976392e-18
4.645837350450319e-36,-6.596218478433483e-17,-1.047183573618637e-33,-0.2508481171870364,-1.753612640671324e-33,-7.20329459761006e-18,-2.5129037284713787e-17,-9.1235974144911e-19,-1.431902959224402e-17,3.2291071602925406e-17,1.190793515065838e-17,-2.0603003984156695e-17,-2.9238963848701417e-17,-1.6035788490683781e-16,1.4742141682042092e-17,-1.1366134822903195e-16,4.299375475869402e-17,4.967218290051533e-17,-8.688847290735547e-17,-2.2164645085254957e-17,-5.819985100972257e-18,-1.1433388393255607e-18,7.344213403355412e-17,3.6220932181178807e-17,-4.871492526359123e-18,-1.755782594187426e-16,-2.4086992749193767e-17,0.41955086416692844,-7.624790784331147e-17,1.9662634190588145e-17,-2.4902899859643434e-17,-1.3323203849983894e-17,2.7004688483396616e-17,-4.650282424934475e-18,-3.789789812068211e-18,-3.940485583201948e-18,1.2246678039901853e-18,2.5224476377473027e-17,-2.963794163874746e-17,-2.151343185877464e-16,-3.1011375739511857e-18,6.484282420924099e-17,1.281134209519136e-16,4.908615580731351e-17,9.392756068216409e-17,-6.811410544263226e-17,1.8499212412481126e-17,3.8324288662404205e-17
3.5193196054191466e-33,-1.0915815381212952e-17,8.999234125502437e-34,4.078222552180774e-17,-0.022180439078314452,8.183494658415009e-18,1.4604536851738623e-17,7.458146807235813e-19,1.8303716555414377e-17,2.067774984678858e-17,-4.67070857440039e-17,2.390705218336342e-18,2.4348000701419122e-17,3.482137450771293e-18,-7.046966331009718e-17,-6.084210386854873e-17,-1.4464783937421013e-17,3.47115745837568e-17,-6.148574486031992e-17,8.067178053700794e-17,-2.1148115249505794e-16,4.901364438895832e-17,2.164338364376044e-17,-8.09896821588591e-17,1.32833679626623e-32,1.6683883702469646e-17,8.31989545996999e-33,-7.624790784331147e-17,0.332898713008409,5.348830795427757e-18,2.7208740250753498e-17,1.5771020181754474e-18,3.72499640030219e-18,1.2436011997890034e-17,-8.168184775998389e-20,2.267976829556845e-18,1.2890318504583618e-19,-4.990157701834183e-17,-2.3579089409804595e-17,-7.487243166375482e-17,3.313495665592915e-17,-8.046510139705711e-18,-5.784673518881984e-17,1.5894940134885963e-17,2.9397030485559066e-17,-7.16607904232691e-18,-6.591451357296916e-18,1.357282343134949e-17
7.224572731838929e-34,4.8588034342276374e-17,-2.1233925890635042e-33,-1.6856256386598652e-17,4.574483200498449e-33,0.09983025059400209,-8.610938133160879e-17,-4.6751544429795604e-17,-2.391324656844773e-17,-6.390547338168527e-18,5.800837553197436e-18,-5.627589572052203e-18,7.92694470666773e-17,-1.875802670067175e-17,-9.972448906012938e-18,5.694492644090554e-17,-2.3672183364829797e-18,-4.7368169133037954e-17,3.749112221830219e-17,-9.74474879383123e-17,-5.964384578949368e-16,-3.4921297374569886e-17,2.6491405871068436e-16,1.1515048959648832e-16,6.092870638309517e-32,-2.7843992303982e-17,7.076764257997171e-33,1.9662634190588145e-17,5.348830795427757e-18,0.5517334370014231,1.3546542234932964e-18,-5.580358886279515e-17,-5.155487577657645e-18,4.55107962966078e-19,-6.224904961232407e-18,5.726687020492769e-18,-2.0221581601094127e-17,4.830317925792839e-18,-4.19011641232296e-18,1.2897495370898942e-17,1.798816230943043e-17,2.2402182769842673e-17,-3.0557053590118847e-17,-5.194479626538707e-17,8.727807673218942e-17,1.5069030660332735e-18,-7.66920872389531e-17,-7.46327007368061e-17
-8.891449151008793e-33,-8.172414891936186e-17,-7.215482885114449e-33,1.5993597941737358e-17,4.019512029083777e-17,-9.156967664307836e-18,-0.016976720826496695,-9.823352182858986e-17,-9.819510840799165e-17,-1.77549651543869e-17,1.3717214348579947e-16,2.5127941462877926e-17,-1.067626340838859e-17,-6.617704904633201e-17,6.724350883639615e-17,-7.956869575552837e-17,-8.10978376637645e-18,-6.08839988284046e-17,-9.130811287294037e-17,-4.87322072841188e-18,1.4776611120589902e-16,5.2402753011320924e-17,1.1545832031585766e-17,-1.2168330763306658e-17,-2.117778132610271e-32,2.2280342064059195e-16,2.6791830283826867e-33,-2.4902899859643434e-17,2.7208740250753504e-17,1.3546542234932962e-18,0.8986637008473569,1.1663607031349804e-17,-4.77704647932854e-17,-1.0283620711784251e-17,-1.47813637602495e-17,-1.673627596992248e-17,1.3028616818484423e-17,-9.671552430221912e-18,-3.675953055920981e-17,-6.014008717927986e-17,1.7169269669874304e-17,1.3266693831292349e-17,-2.9985630967822413e-17,1.4742834014133577e-17,-3.0206056219752703e-17,-2.871602174664839e-18,8.772381637118752e-18,5.061356506800092e-17
-2.9388758495732185e-32,-9.023460735315763e-17,1.451099296740787e-33,1.1882422847308886e-17,-3.191899854256705e-18,5.956993303639514e-17,4.761258229852571e-17,0.17324881284260019,3.7557825425780356e-17,1.0775586359251391e-16,-9.943229491204038e-17,5.034657122064511e-18,4.93553378696964e-17,1.9994277341852157e-18,3.7154148370269945e-16,-2.1081074834933696e-17,1.228001012532897e-17,-2.906887203600722e-17,1.8002501384500713e-16,-5.243878731485631e-17,-4.940420558099602e-17,-3.805851109100383e-17,-1.5943174089208758e-17,6.979657521703005e-17,-4.042508868281057e-32,-7.205963197106835e-17,-6.21193226227719e-33,-1.3323203849983893e-17,1.5771020181754472e-18,-5.580358886279515e-17,1.1663607031349799e-17,0.5211776026002927,5.5333447946447817e-17,-7.390265718743665e-17,-1.9037276289098033e-17,5.861103927294737e-17,-1.916903543313583e-17,1.7635568148439037e-17,-9.433359482299944e-17,-3.3058363589872946e-17,-1.5929378878153223e-17,1.0478390429488479e-17,6.669548109795554e-17,4.224240250852172e-17,9.139613054347779e-18,5.437316897730662e-19,6.8920318892663134e-18,-3.700128434682082e-17
2.4336166088052755e-32,1.1065290397315782e-16,-2.9298134386145645e-32,-1.997875065150845e-17,-2.495938322976144e-19,1.596729887432244e-18,6.825078187581669e-17,2.7251352231298764e-17,0.007361165530888551,1.5503500166054465e-16,-5.526701408138465e-16,1.9209657106351363e-17,1.4012099093093373e-16,-2.7591441763647385e-16,-2.6160096071699136e-16,-2.310304471198594e-17,-1.6918623473780603e-18,1.3377536405162997e-17,2.1399007321177457e-17,-2.321303524278721e-17,-3.7451820404503253e-17,1.8984138868877465e-17,1.6543602427686392e-17,-2.0144565696700423e-18,1.624626827661168e-32,2.5831106234196552e-17,3.2741746068353244e-32,2.7004688483396616e-17,3.72499640030219e-18,-5.155487577657645e-18,-4.77704647932854e-17,5.533344794644782e-17,0.09743097668845598,-1.2096160030393372e-16,5.165353735695324e-17,-5.5663505979122224e-18,-6.26666326883857e-17,-2.299165096256395e-16,1.2742239203562063e-16,-4.286321046310474e-17,8.430926753540709e-18,-1.6597372513910667e-18,1.1202135757003332e-17,-2.0141059494515123e-17,4.366123225387236e-18,1.053530262649515e-18,-4.839496148957283e-18,-1.9797278890133503e-17
-3.217666182522946e-33,3.809934459645702e-17,1.1721907203490148e-32,-6.285649710318166e-18,2.497695947797142e-18,8.26790695048226e-18,-3.212117827009555e-17,1.0644259474696707e-16,-1.8083879664235586e-16,-0.10009661013212051,5.580239420739683e-17,1.9913737448857286e-18,-8.25117169765883e-17,9.23056616208504e-17,-8.169115070018509e-17,-7.834399357685736e-17,-8.960371170968128e-18,-8.426044759843119e-18,1.1918223674344604e-16,-6.650651747267831e-18,-2.551460207081294e-19,3.1774102814011886e-17,-4.279920194687295e-28,4.7961322176671414e-17,-2.970068167052496e-33,-8.019414084194053e-17,-1.3417264503287726e-32,-4.650282424934476e-18,1.2436011997890032e-17,4.551079629660777e-19,-1.0283620711784259e-17,-7.390265718743665e-17,-1.209616003039337e-16,0.2567050882238779,7.769979229146658e-18,5.700941396303027e-18,2.6952035234806747e-18,-6.403103334684979e-17,-3.438090571788879e-17,-3.6186934652255334e-17,5.564814514263134e-18,9.244272970575094e-18,5.775115812895159e-17,-9.920452184144115e-18,-1.5926954610567084e-18,-2.176866310473496e-18,1.2405192028149405e-28,-3.3947666081139593e-17
-2.8254132670491552e-33,7.307581512953684e-17,4.5802047790752535e-26,7.848754461756049e-18,-5.5944730191365906e-18,-9.898046009847958e-19,1.488853548635871e-18,-3.816818016562362e-17,-1.2661581644427451e-16,2.804198891906634e-17,-0.013060896181153626,-5.984579109603206e-17,-3.051962917108271e-17,2.6352432949827108e-17,-4.061225489563044e-17,-4.263672440689632e-16,-1.1858038381038222e-16,-7.216010991356987e-18,-4.1643218655214514e-17,-4.689476365940814e-17,3.992753851143462e-17,2.5219860116625622e-17,-3.3912943992584015e-17,6.169525923300907e-17,-1.844953285487194e-18,-4.580350299695038e-17,-4.580204725913684e-26,-3.789789812068211e-18,-8.168184775998334e-20,-6.2249049612324074e-18,-1.47813637602495e-17,-1.9037276289098046e-17,5.165353735695324e-17,7.769979229146657e-18,0.4477390890341145,5.199475463928212e-17,-1.0464387696971121e-16,-1.2672135270893885e-17,-7.987677505566682e-17,-7.272529272388634e-17,9.005467222327949e-17,4.171446456607965e-18,2.9780067044467903e-18,-2.564073532839227e-17,-7.62106457506804e-18,3.599973825560728e-18,3.174035239953999e-18,-2.440837382550153e-17
-3.231008918067083e-33,-1.0114735642786357e-16,-7.341201345547072e-33,3.605823835305528e-18,-4.378666549202718e-19,-5.442947171639849e-18,-1.4026783337894144e-18,2.905981130241269e-17,1.8510238201572945e-17,2.2257616516084405e-17,-5.548715920338738e-17,-0.09505555943538335,-7.269214698817906e-18,-4.130156712137712e-17,1.5404704237219075e-16,5.540081276768002e-18,3.786073453047411e-17,-8.146171322359551e-18,2.9678938058295416e-17,3.065142194536923e-17,-2.1986621445612276e-16,1.014623386392086e-16,1.367465408915949e-16,-7.997811214580814e-17,4.184983496410912e-18,9.28137201251838e-18,1.2893503321808337e-32,-3.940485583201948e-18,2.267976829556845e-18,5.726687020492769e-18,-1.6736275969922476e-17,5.861103927294737e-17,-5.5663505979122224e-18,5.700941396303027e-18,5.1994754639282124e-17,0.11397427899630862,4.060926096719712e-18,3.0346005671065e-16,-6.729959275837094e-17,3.769938373394763e-17,3.590428185829778e-18,1.0017853348896177e-17,-5.627219445575666e-17,-4.8602005079361575e-18,6.935164307736862e-17,4.648077932432516e-17,-4.833239079994894e-17,-5.36442350935338e-17
-4.482277849733221e-33,-3.832141850711403e-17,-1.0581201551974166e-33,-1.0564655605489443e-17,4.301720609893241e-20,5.5955394086755906e-18,6.353955034456785e-18,-1.192924815594795e-17,2.8853521831613473e-17,-1.919068131413085e-17,-1.3703795180130398e-17,-4.918948488769371e-18,-0.088067850936719,2.0198179802147184e-17,-2.42261838693124e-16,7.554961374303935e-17,4.6380104243146843e-17,9.193977903238885e-17,7.552184757196593e-18,5.6936931133941e-17,9.687272327547986e-17,3.6162820262390565e-17,6.994249788532062e-17,-6.52576537489781e-17,-5.799190751428128e-18,2.8903087453031404e-17,-2.8995953757140556e-18,1.2246678039901853e-18,1.2890318504583733e-19,-2.0221581601094127e-17,1.3028616818484424e-17,-1.9169035433135833e-17,-6.266663268838568e-17,2.6952035234806767e-18,-1.0464387696971114e-16,4.060926096719713e-18,0.42956126948333834,6.254276020791646e-18,-3.256888956430777e-16,-4.9692384115836287e-17,-2.0722152472763574e-17,-3.2694418334704374e-17,3.8948333543143175e-18,2.814661680645549e-17,-8.534722773172719e-18,1.1502703488087122e-18,5.962774867501425e-18,3.531385847877459e-17
1.2908396722773753e-17,6.446779560732755e-17,-7.014348876323639e-18,-2.4088926430566856e-17,-7.070192115412642e-19,-3.437181157759752e-17,1.4663320845363755e-18,-6.7360510483039284e-18,-2.6710635943027565e-18,-2.990756888628288e-17,1.2970961662335612e-16,-3.390807598650183e-16,-2.666447779857581e-17,-0.019673924309766007,1.7011289938852525e-16,8.974349013375408e-17,-4.331294037602818e-17,9.267951488975295e-17,4.4092344626928236e-17,-6.599088194585669e-19,8.665159481965249e-17,1.2619190838819211e-16,-1.1000072332423463e-16,1.1856904579638888e-16,2.5816793445547535e-17,-1.293390785403384e-17,7.014348876323628e-18,2.5224476377473027e-17,-4.9901577018341826e-17,4.830317925792839e-18,-9.671552430221907e-18,1.7635568148439034e-17,-2.299165096256395e-16,-6.403103334684978e-17,-1.2672135270893886e-17,3.0346005671065e-16,6.254276020791646e-18,0.4689332935746353,-1.0816843960487682e-16,-5.4463383106880545e-17,1.5019800234392072e-17,-3.901860276864681e-17,4.7626346667331296e-17,-8.901628747183364e-18,-2.5237756750602593e-17,4.577970322409181e-18,1.3802801894337336e-16,-5.4730013094996e-17
5.837822455720028e-17,1.8275661197290013e-16,7.205782916984987e-33,1.718018442838652e-17,1.3908606609721018e-18,1.0416565209733805e-17,-2.112965606362e-18,-3.2261139981887424e-17,-3.059624949590867e-18,-3.121300501492989e-17,-2.213430970452064e-17,1.8046271578752584e-16,-1.4579308543712416e-16,-6.4749028696150676e-18,-0.15744550747309163,-5.4416230995405194e-17,-2.386537290977364e-15,7.421779666764057e-18,2.579177507633082e-16,1.3809939847063425e-16,1.6180353472930553e-18,6.64787306688856e-17,1.3596669610421323e-16,6.783716950252661e-17,5.837822455720032e-17,-1.6609459220325283e-16,5.832658180481276e-33,-2.963794163874746e-17,-2.3579089409804592e-17,-4.190116412322961e-18,-3.675953055920981e-17,-9.433359482299945e-17,1.2742239203562063e-16,-3.4380905717888785e-17,-7.987677505566684e-17,-6.729959275837096e-17,-3.2568889564307776e-16,-1.0816843960487682e-16,0.6896624074638045,4.5031357398529405e-17,-1.4139610726074579e-15,-6.1435978523557896e-18,4.281831924574495e-17,3.2275975927520954e-17,3.076824768378225e-18,-9.639322915382165e-19,-4.287014545715828e-17,-2.0245348194876225e-17
5.570891455770382e-33,-3.382827391906207e-17,1.1485645321225573e-31,1.9111683035371376e-16,4.7974577449819405e-18,-8.054276503260874e-18,-1.729239259809274e-17,1.1573062730929e-17,-2.63408772775916e-18,2.085889239513641e-17,2.143026330137948e-15,-5.983743124231621e-17,-4.229256579017181e-17,1.7530353905521237e-16,-2.694375411799489e-17,0.1622881347363904,8.015736580876078e-18,-1.2713262176584951e-17,5.173864413461664e-18,-1.3977736735561155e-17,-2.0733520206903556e-16,-1.919039759515218e-18,-7.56446291158537e-17,-5.699801805636476e-17,5.226992896418237e-19,-1.1398891777993471e-17,-8.195505026972544e-24,-2.151343185877464e-16,-7.487243166375482e-17,1.2897495370898948e-17,-6.014008717927986e-17,-3.3058363589872946e-17,-4.286321046310474e-17,-3.618693465225534e-17,-7.272529272388656e-17,3.7699383733947606e-17,-4.969238411583628e-17,-5.446338310688053e-17,4.5031357398529405e-17,0.45351704294374995,-8.436071101982414e-19,2.5373081561117998e-18,9.447474472242928e-18,-8.037544392387257e-18,3.1697679416296e-17,1.1119417964552608e-17,-4.332995019155805e-17,2.6365721698043613e-17
-3.766689853493417e-31,-6.252839267395259e-17,7.513485879191849e-31,2.7563025266904748e-18,-6.306657068984218e-19,1.6558134892582972e-17,-9.701925655263198e-18,1.8389141771650435e-17,-1.2628792636066712e-17,-1.6641573979110886e-17,2.221764953776083e-17,1.1542017401897305e-17,9.484138119494165e-19,4.7325089467623776e-17,2.1505049610316668e-15,-1.3949468878955244e-17,-0.04544425368825777,-1.0348045940730255e-17,-7.398344148061831e-17,7.84361112068811e-17,1.3957140562499368e-16,1.4956141932850523e-16,-7.83656669870639e-18,1.116332344282636e-16,1.6341705289606957e-17,1.235374547767022e-16,-5.809478017381871e-19,-3.101137573951197e-18,3.313495665592915e-17,1.7988162309430432e-17,1.7169269669874308e-17,-1.5929378878153223e-17,8.430926753540709e-18,5.564814514263134e-18,9.005467222327945e-17,3.590428185829777e-18,-2.0722152472763546e-17,1.5019800234392078e-17,-1.4139610726074579e-15,-8.436071101982448e-19,0.29322579667761983,-1.8774806802214323e-17,-1.6441595873103517e-17,4.864678329430398e-19,-2.2987531343692827e-17,1.317576153094227e-16,-2.580484834962732e-18,-6.956268599936464e-17
-4.4313286906984617e-32,1.8730726802592154e-14,4.02353373133254e-29,7.890453944243234e-17,-1.6191533737357486e-30,1.6053246372093702e-18,-3.851436346696285e-18,8.609028410541023e-18,-1.7784814313393678e-17,-1.9821537831131398e-17,-7.710875975591542e-18,5.452586452634015e-18,-6.464251049921555e-18,-6.7796890270691836e-18,-1.1510766028388633e-17,3.67063383760719e-18,-4.923514593593347e-17,0.04586243741193725,-3.544772340900469e-16,-1.102887049458063e-16,1.1935521683337829e-17,-3.334505961522147e-16,-1.0237162259132293e-14,-6.154150033773614e-17,-8.534919863764655e-19,-1.7879879661711893e-14,-6.2915891006715126e-18,6.484282420924099e-17,-8.04651013970571e-18,2.2402182769842673e-17,1.3266693831292349e-17,1.0478390429488477e-17,-1.6597372513910667e-18,9.244272970575094e-18,4.171446456607965e-18,1.0017853348896177e-17,-3.2694418334704374e-17,-3.9018602768646806e-17,-6.143597852355787e-18,2.5373081561117982e-18,-1.8774806802214317e-17,0.4067435934492998,2.947445497354746e-16,-1.550336558444675e-16,-1.9473716988435235e-16,-2.298432851354634e-16,-3.476430826340619e-14,-6.736322309158814e-17
1.3746659730444086e-32,-9.906811879312833e-15,-6.995945948916968e-34,-3.1007156811070804e-18,3.644004460141423e-30,-2.217793561065687e-19,1.994083201085522e-18,-9.393530657035243e-18,-1.961451756493885e-18,-1.042152334689505e-18,-4.8098260817108437e-17,-3.5432390582051847e-17,7.149777710568552e-17,1.0315863691447756e-17,-4.099604251146981e-17,-2.5207903202573243e-17,-5.819302451315968e-17,2.6190386981770654e-16,0.023332412805905565,1.301994094629509e-15,-6.615454275701901e-17,-1.282906388191719e-15,2.586327471331025e-17,-2.6946836405066957e-17,3.99350877294267e-18,-1.0214908445583133e-14,-3.11792102334586e-18,1.2811342095191362e-16,-5.784673518881984e-17,-3.0557053590118847e-17,-2.9985630967822413e-17,6.669548109795554e-17,1.1202135757003332e-17,5.775115812895159e-17,2.9780067044467922e-18,-5.627219445575668e-17,3.894833354314317e-18,4.7626346667331296e-17,4.281831924574495e-17,9.44747447224293e-18,-1.644159587310352e-17,2.9474454973547463e-16,0.8039913835875314,6.968819559002012e-16,2.238181254949468e-17,1.8750570607817424e-16,8.792908493216667e-17,2.6758244464360483e-16
-1.3819693652351638e-31,4.09300220696096e-17,-5.471334166395474e-33,-1.3002213413329053e-16,-3.3029504435495624e-22,1.2802888150349749e-18,-4.267433084970941e-18,-9.309347164048997e-18,7.026563162379102e-19,-7.26510028650746e-18,1.3470710982269565e-17,-1.5394854979681852e-17,4.150688122011122e-18,1.475727521477546e-17,-6.177137199386341e-17,1.3885837145172513e-17,-2.2285180082256927e-17,-1.5864962371365673e-16,-4.538327669708821e-16,0.1462743506121993,9.981272568145159e-18,-4.590106838495981e-17,5.628847223099384e-17,-1.3245024198125865e-16,-2.0898339600673454e-18,-6.209570768804564e-17,3.0082678364920647e-18,4.90861558073135e-17,1.589494013488596e-17,-5.194479626538707e-17,1.474283401413358e-17,4.2242402508521715e-17,-2.0141059494515123e-17,-9.920452184144115e-18,-2.5640735328392265e-17,-4.8602005079361605e-18,2.8146616806455486e-17,-8.901628747183364e-18,3.227597592752094e-17,-8.037544392387257e-18,4.864678329430389e-19,-1.550336558444675e-16,6.96881955900201e-16,0.38504901653384555,-2.656687209383032e-17,-3.878259087559245e-17,2.7570329708598488e-17,-5.550867556517198e-18
-1.2059604012931023e-33,-1.2647873938646687e-16,4.55564798546437e-34,1.909424475245368e-16,2.8501890705950817e-30,1.58488123051845e-17,-2.9034450906996133e-18,3.0645746511923925e-17,1.2586192301874698e-17,3.912737671563197e-17,9.935364203506015e-18,-5.436148034734101e-17,-1.7848569939426118e-17,1.6112170707158881e-18,1.0839898167647066e-17,-4.230075348123371e-17,3.070747197470948e-17,-1.575868169815588e-16,-2.6720351313619655e-17,6.620007977686394e-17,-0.105016627836627,1.9091371949051884e-16,-1.0093742946009984e-15,2.7506788483765557e-16,3.966672653513588e-18,-4.2031391402656484e-17,4.3659290189337707e-20,9.392756068216409e-17,2.939703048555906e-17,8.727807673218942e-17,-3.0206056219752703e-17,9.13961305434778e-18,4.366123225387236e-18,-1.5926954610567086e-18,-7.621064575068044e-18,6.935164307736873e-17,-8.534722773172719e-18,-2.523775675060259e-17,3.0768247683782238e-18,3.1697679416295994e-17,-2.2987531343692824e-17,-1.9473716988435233e-16,2.2381812549494674e-17,-2.6566872093830264e-17,0.24928162864810502,5.0360358211989803e-17,3.595059941896369e-16,-1.583134817208186e-16
4.281812260562874e-33,-7.769694751896311e-17,-5.0191028042102026e-29,2.657541844051778e-16,-7.49183427399862e-20,-8.319890930461555e-19,2.5139887749070687e-19,2.179870603791584e-19,1.4064228279637604e-19,1.7356370663020164e-18,2.0858324762053788e-19,4.0365304076713373e-17,3.508358688891644e-18,3.5282473335349795e-18,-9.976489295473843e-19,4.130176601241975e-18,2.0035785685489478e-16,-1.0299924593624731e-16,-1.841225551923717e-16,-1.3720393931285339e-16,-3.329551922230119e-17,-0.016390499198239435,9.82679272978697e-17,-5.552556600697385e-17,1.1983230828047626e-18,4.194001626713032e-16,6.299473049830492e-20,-6.811410544263224e-17,-7.16607904232691e-18,1.5069030660332737e-18,-2.8716021746648392e-18,5.437316897730659e-19,1.0535302626495153e-18,-2.176866310473496e-18,3.599973825560728e-18,4.6480779324325166e-17,1.1502703488087126e-18,4.5779703224091805e-18,-9.63932291538218e-19,1.111941796455261e-17,1.3175761530942268e-16,-2.2984328513546344e-16,1.8750570607817424e-16,-3.8782590875592465e-17,5.0360358211989803e-17,0.9380858539932402,4.917729687030999e-16,-6.734899610446366e-18
4.3276767553289194e-33,1.1176454538833808e-15,-1.8028528386233296e-26,-1.3644214072835617e-16,-3.1353975472507277e-30,-2.1824974137901095e-17,5.574301640006422e-18,-4.723681999251142e-18,8.07860393925468e-18,2.1769244082454414e-18,1.5356192830485884e-17,-2.810186681159184e-17,-6.015478250516312e-17,-5.019732049947141e-18,7.771941268847107e-18,-1.4810538977201818e-16,2.790163213580852e-18,-1.2436856862710267e-14,-1.306141403107303e-16,-3.029219921856134e-17,-2.007784843659434e-15,4.674351024405314e-18,-0.10048983246744406,1.0161990580145849e-16,-1.3575396237582923e-17,-1.0818311755315939e-15,-7.471059262404219e-18,1.849921241248112e-17,-6.591451357296916e-18,-7.66920872389531e-17,8.772381637118752e-18,6.8920318892663134e-18,-4.839496148957283e-18,1.2405192028149405e-28,3.174035239953999e-18,-4.833239079994894e-17,5.962774867501426e-18,1.3802801894337336e-16,-4.287014545715828e-17,-4.3329950191558055e-17,-2.580484834962733e-18,-3.476430826340619e-14,8.792908493216666e-17,2.757032970859849e-17,3.5950599418963685e-16,4.917729687030999e-16,0.2775055460273571,-4.7291922091633407e-17
-1.7844129097728813e-32,-2.354151910821667e-16,-6.569316253247314e-33,-1.456079570234766e-16,-5.516590770553707e-31,-1.3012940415139543e-17,1.1554274914896737e-18,-4.945510771337975e-18,-2.1541289267083002e-17,-2.6721584432592588e-17,-2.1210671527716404e-18,-7.671917077827172e-17,1.2395955706953576e-17,-1.513262220552786e-17,5.680858506971783e-19,-5.051283652603614e-17,1.942638729488121e-17,-1.0767785798438303e-16,2.817162851060846e-16,-1.0901816336164583e-16,1.097562158905654e-15,3.9119817378370656e-17,2.121838471067599e-16,-0.03846155225053417,-2.310236257288123e-17,1.3033127740824357e-17,2.151266831697639e-18,3.8324288662404186e-17,1.3572823431349495e-17,-7.46327007368061e-17,5.061356506800092e-17,-3.7001284346820816e-17,-1.9797278890133503e-17,-3.3947666081139593e-17,-2.440837382550153e-17,-5.364423509353379e-17,3.531385847877459e-17,-5.473001309499601e-17,-2.0245348194876235e-17,2.636572169804362e-17,-6.956268599936464e-17,-6.736322309158814e-17,2.675824446436048e-16,-5.550867556517195e-18,-1.5831348172081863e-16,-6.734899610446386e-18,-4.7291922091633394e-17,0.651344963595037
